id,first_name,last_name,email,gender,ville
5214,Judy,Rose,jrose0@cnbc.com,Female,Michigan
5215,Andrea,Henderson,ahenderson1@blogs.com,Female,California
5216,Kathleen,Williams,kwilliams2@imageshack.us,Female,Texas
5217,Eric,Owens,eowens3@stanford.edu,Male,Florida
5218,Anne,Wheeler,awheeler4@timesonline.co.uk,Female,
5219,Janice,Griffin,jgriffin5@1688.com,Female,Texas
5220,Steven,Burton,sburton6@google.de,Male,New York
5221,Robin,Jackson,rjackson7@feedburner.com,Female,District of Columbia
5222,Mary,Gutierrez,mgutierrez8@vinaora.com,Female,Texas
5223,Gerald,George,ggeorge9@washingtonpost.com,Male,Texas
5224,Jonathan,Mcdonald,jmcdonalda@ox.ac.uk,Male,Idaho
5225,Julie,Wagner,jwagnerb@yahoo.co.jp,Female,California
5226,Johnny,Phillips,jphillipsc@si.edu,Male,Florida
5227,Roy,Harris,rharrisd@smugmug.com,Male,
5228,Gerald,Ruiz,gruize@zdnet.com,Male,Indiana
5229,Bobby,Reyes,breyesf@whitehouse.gov,Male,California
5230,Rebecca,Chavez,rchavezg@printfriendly.com,Female,
5231,Gary,Carr,gcarrh@examiner.com,Male,
5232,Barbara,Clark,bclarki@shop-pro.jp,Female,Wisconsin
5233,Jean,Pierce,jpiercej@mlb.com,Female,
5234,Gregory,Griffin,ggriffink@cnn.com,Male,
5235,Theresa,Gomez,tgomezl@trellian.com,Female,Ohio
5236,Edward,Taylor,etaylorm@feedburner.com,Male,Florida
5237,Bruce,Chavez,bchavezn@youtu.be,Male,
5238,Jack,Olson,jolsono@php.net,Male,Tennessee
5239,Amy,Rogers,arogersp@miibeian.gov.cn,Female,California
5240,Christopher,Lawson,clawsonq@discuz.net,Male,
5241,Bruce,Tucker,btuckerr@sun.com,Male,Missouri
5242,Sean,Mitchell,smitchells@youtu.be,Male,Texas
5243,Ronald,Oliver,rolivert@simplemachines.org,Male,Texas
5244,Judy,Crawford,jcrawfordu@t-online.de,Female,
5245,Ralph,Chavez,rchavezv@cpanel.net,Male,Arizona
5246,Johnny,Little,jlittlew@hud.gov,Male,New York
5247,Rachel,Simpson,rsimpsonx@foxnews.com,Female,
5248,Keith,Walker,kwalkery@seattletimes.com,Male,New York
5249,Russell,Crawford,rcrawfordz@google.com.hk,Male,Michigan
5250,Lori,Bell,lbell10@fda.gov,Female,West Virginia
5251,Frances,Bryant,fbryant11@domainmarket.com,Female,Ohio
5252,Benjamin,Bailey,bbailey12@pcworld.com,Male,
5253,Melissa,Greene,mgreene13@springer.com,Female,Tennessee
5254,Irene,Rivera,irivera14@oracle.com,Female,Texas
5255,Andrew,Gray,agray15@exblog.jp,Male,Louisiana
5256,Harold,Scott,hscott16@exblog.jp,Male,New Jersey
5257,Earl,Brown,ebrown17@chicagotribune.com,Male,Virginia
5258,Eugene,Nelson,enelson18@seattletimes.com,Male,Washington
5259,Lillian,Dunn,ldunn19@sun.com,Female,
5260,Tina,Nguyen,tnguyen1a@weibo.com,Female,California
5261,Jack,Black,jblack1b@aol.com,Male,New York
5262,Arthur,Perkins,aperkins1c@e-recht24.de,Male,Iowa
5263,Joyce,Chapman,jchapman1d@home.pl,Female,California
5264,Linda,Howard,lhoward1e@harvard.edu,Female,Missouri
5265,Brian,Long,blong1f@senate.gov,Male,
5266,Marilyn,Bennett,mbennett1g@dmoz.org,Female,Iowa
5267,Joshua,Griffin,jgriffin1h@cocolog-nifty.com,Male,Missouri
5268,Todd,Nelson,tnelson1i@so-net.ne.jp,Male,Texas
5269,Ernest,Stewart,estewart1j@cloudflare.com,Male,Kansas
5270,Jacqueline,Hawkins,jhawkins1k@un.org,Female,Alabama
5271,Lawrence,Moreno,lmoreno1l@tripadvisor.com,Male,Arizona
5272,Kenneth,Wood,kwood1m@hud.gov,Male,North Carolina
5273,Christine,Brooks,cbrooks1n@samsung.com,Female,Michigan
5274,Keith,Phillips,kphillips1o@woothemes.com,Male,Missouri
5275,Terry,Cox,tcox1p@google.it,Male,Florida
5276,Douglas,Pierce,dpierce1q@wikimedia.org,Male,Virginia
5277,Jonathan,Romero,jromero1r@flickr.com,Male,Ohio
5278,Nicholas,Rivera,nrivera1s@tripadvisor.com,Male,Nevada
5279,Janice,Lynch,jlynch1t@ucoz.ru,Female,Florida
5280,Wayne,Murray,wmurray1u@reddit.com,Male,
5281,Steven,Romero,sromero1v@go.com,Male,Arkansas
5282,Marilyn,Jones,mjones1w@comsenz.com,Female,Florida
5283,Anthony,Kelley,akelley1x@skype.com,Male,California
5284,Nancy,Arnold,narnold1y@eepurl.com,Female,Tennessee
5285,Tina,Hudson,thudson1z@lycos.com,Female,California
5286,Clarence,Harris,charris20@chron.com,Male,Massachusetts
5287,Jack,Cruz,jcruz21@dyndns.org,Male,
5288,Ashley,Ford,aford22@youku.com,Female,Ohio
5289,Brandon,Hall,bhall23@etsy.com,Male,Texas
5290,Jack,Roberts,jroberts24@sfgate.com,Male,New York
5291,Larry,Baker,lbaker25@google.nl,Male,Texas
5292,Martin,Henry,mhenry26@pinterest.com,Male,New York
5293,Bobby,Rodriguez,brodriguez27@eventbrite.com,Male,Nevada
5294,Laura,Chavez,lchavez28@tumblr.com,Female,Kentucky
5295,Raymond,Cunningham,rcunningham29@home.pl,Male,Missouri
5296,Heather,Simpson,hsimpson2a@vistaprint.com,Female,Texas
5297,Martha,Ross,mross2b@com.com,Female,Massachusetts
5298,Keith,Holmes,kholmes2c@merriam-webster.com,Male,Georgia
5299,Dennis,Knight,dknight2d@hatena.ne.jp,Male,Pennsylvania
5300,Fred,Watson,fwatson2e@ask.com,Male,California
5301,Stephanie,Fowler,sfowler2f@weebly.com,Female,Texas
5302,Amanda,Mills,amills2g@craigslist.org,Female,Texas
5303,Thomas,Marshall,tmarshall2h@hexun.com,Male,Florida
5304,Earl,Sanders,esanders2i@boston.com,Male,Connecticut
5305,Donna,Young,dyoung2j@wikispaces.com,Female,Maryland
5306,Donna,Rose,drose2k@stanford.edu,Female,California
5307,Jerry,Richardson,jrichardson2l@nps.gov,Male,Missouri
5308,Nicholas,Harvey,nharvey2m@cocolog-nifty.com,Male,Oregon
5309,George,Gutierrez,ggutierrez2n@java.com,Male,Colorado
5310,Robin,Henry,rhenry2o@goo.ne.jp,Female,Texas
5311,Clarence,Gomez,cgomez2p@nasa.gov,Male,Louisiana
5312,Janet,Elliott,jelliott2q@accuweather.com,Female,
5313,Mark,Washington,mwashington2r@uol.com.br,Male,Indiana
5314,Anthony,Brown,abrown2s@example.com,Male,Texas
5315,Diane,Burns,dburns2t@foxnews.com,Female,
5316,Norma,Ford,nford2u@mlb.com,Female,
5317,Beverly,Reyes,breyes2v@toplist.cz,Female,
5318,Earl,Gray,egray2w@purevolume.com,Male,Texas
5319,Antonio,Chapman,achapman2x@scientificamerican.com,Male,South Carolina
5320,Henry,Baker,hbaker2y@simplemachines.org,Male,District of Columbia
5321,Stephanie,Moore,smoore2z@unblog.fr,Female,Maryland
5322,Jeremy,Robertson,jrobertson30@soundcloud.com,Male,Missouri
5323,Debra,Rogers,drogers31@oaic.gov.au,Female,New York
5324,Helen,Harvey,hharvey32@tuttocitta.it,Female,Pennsylvania
5325,Billy,Taylor,btaylor33@illinois.edu,Male,
5326,Mark,Webb,mwebb34@so-net.ne.jp,Male,Kansas
5327,Norma,Kelly,nkelly35@google.co.uk,Female,Georgia
5328,Alan,Campbell,acampbell36@webs.com,Male,Missouri
5329,John,Andrews,jandrews37@businessweek.com,Male,Florida
5330,Marie,Flores,mflores38@list-manage.com,Female,Oklahoma
5331,Ronald,Diaz,rdiaz39@zimbio.com,Male,Oklahoma
5332,Samuel,Long,slong3a@utexas.edu,Male,California
5333,Margaret,Roberts,mroberts3b@wsj.com,Female,District of Columbia
5334,Dorothy,Meyer,dmeyer3c@spiegel.de,Female,Texas
5335,Scott,Burke,sburke3d@yale.edu,Male,Massachusetts
5336,Paula,Sanders,psanders3e@ucoz.ru,Female,Connecticut
5337,Elizabeth,Cooper,ecooper3f@census.gov,Female,Virginia
5338,Melissa,Frazier,mfrazier3g@independent.co.uk,Female,Iowa
5339,Mark,Frazier,mfrazier3h@independent.co.uk,Male,
5340,Earl,Morris,emorris3i@boston.com,Male,Minnesota
5341,Martin,Bennett,mbennett3j@tmall.com,Male,
5342,Jonathan,Hunt,jhunt3k@dropbox.com,Male,Colorado
5343,Stephen,Hill,shill3l@umn.edu,Male,District of Columbia
5344,Bonnie,Wallace,bwallace3m@businessweek.com,Female,Washington
5345,Johnny,Murphy,jmurphy3n@state.tx.us,Male,Nevada
5346,Louis,Murray,lmurray3o@globo.com,Male,Pennsylvania
5347,Joe,Clark,jclark3p@squidoo.com,Male,District of Columbia
5348,Diane,Baker,dbaker3q@earthlink.net,Female,Florida
5349,Harry,Jordan,hjordan3r@friendfeed.com,Male,
5350,Terry,Watson,twatson3s@freewebs.com,Male,Alabama
5351,Terry,Gardner,tgardner3t@delicious.com,Male,
5352,Cheryl,Wilson,cwilson3u@guardian.co.uk,Female,Texas
5353,Richard,Ferguson,rferguson3v@hostgator.com,Male,Washington
5354,Christine,Grant,cgrant3w@meetup.com,Female,California
5355,Joshua,Medina,jmedina3x@nih.gov,Male,Texas
5356,Christine,Henry,chenry3y@cdbaby.com,Female,South Carolina
5357,Walter,Burke,wburke3z@acquirethisname.com,Male,
5358,Cynthia,Wheeler,cwheeler40@example.com,Female,Alabama
5359,Harold,Bell,hbell41@nymag.com,Male,Texas
5360,Mildred,Green,mgreen42@eventbrite.com,Female,Louisiana
5361,Brenda,Ryan,bryan43@canalblog.com,Female,Florida
5362,Timothy,Young,tyoung44@fastcompany.com,Male,Ohio
5363,David,Garrett,dgarrett45@furl.net,Male,Florida
5364,Elizabeth,Peters,epeters46@guardian.co.uk,Female,Washington
5365,Katherine,Arnold,karnold47@nyu.edu,Female,Minnesota
5366,Michelle,Price,mprice48@kickstarter.com,Female,Washington
5367,Sandra,Holmes,sholmes49@msu.edu,Female,Minnesota
5368,Daniel,Black,dblack4a@slashdot.org,Male,California
5369,Nicholas,Ruiz,nruiz4b@quantcast.com,Male,
5370,Sandra,Rice,srice4c@live.com,Female,Michigan
5371,Sean,Matthews,smatthews4d@people.com.cn,Male,Michigan
5372,Louise,Perkins,lperkins4e@bizjournals.com,Female,Texas
5373,Jean,Webb,jwebb4f@marriott.com,Female,Illinois
5374,Robert,West,rwest4g@ustream.tv,Male,Virginia
5375,Virginia,Daniels,vdaniels4h@furl.net,Female,Nevada
5376,Lois,Berry,lberry4i@statcounter.com,Female,
5377,Anne,Kennedy,akennedy4j@uol.com.br,Female,California
5378,Emily,Jenkins,ejenkins4k@kickstarter.com,Female,Florida
5379,Shirley,Hernandez,shernandez4l@narod.ru,Female,Indiana
5380,Terry,Hanson,thanson4m@skype.com,Male,Arizona
5381,Carl,Wood,cwood4n@posterous.com,Male,West Virginia
5382,Phyllis,Harper,pharper4o@4shared.com,Female,Washington
5383,Evelyn,Hart,ehart4p@craigslist.org,Female,California
5384,Steve,Hunt,shunt4q@purevolume.com,Male,
5385,Anna,Meyer,ameyer4r@sourceforge.net,Female,Missouri
5386,Brandon,Mason,bmason4s@godaddy.com,Male,Kentucky
5387,Martin,Larson,mlarson4t@barnesandnoble.com,Male,Utah
5388,Andrea,Black,ablack4u@japanpost.jp,Female,Indiana
5389,Marilyn,Dean,mdean4v@weebly.com,Female,Tennessee
5390,John,Martin,jmartin4w@yandex.ru,Male,Kentucky
5391,Ruth,Frazier,rfrazier4x@ocn.ne.jp,Female,
5392,Peter,Harrison,pharrison4y@irs.gov,Male,Connecticut
5393,Roger,George,rgeorge4z@wunderground.com,Male,Louisiana
5394,Jane,Clark,jclark50@usatoday.com,Female,Georgia
5395,Cheryl,Ferguson,cferguson51@yelp.com,Female,Tennessee
5396,Jimmy,Chavez,jchavez52@thetimes.co.uk,Male,Ohio
5397,Julia,Allen,jallen53@wix.com,Female,New York
5398,Gregory,Ryan,gryan54@blogtalkradio.com,Male,Ohio
5399,Katherine,Ferguson,kferguson55@squarespace.com,Female,California
5400,Lois,Ward,lward56@comcast.net,Female,Ohio
5401,Anne,Black,ablack57@is.gd,Female,Texas
5402,Tina,Mitchell,tmitchell58@cnbc.com,Female,California
5403,Ryan,Bryant,rbryant59@tamu.edu,Male,Oregon
5404,Victor,Bradley,vbradley5a@mediafire.com,Male,Tennessee
5405,Lisa,Powell,lpowell5b@printfriendly.com,Female,Washington
5406,Larry,Gibson,lgibson5c@hc360.com,Male,Wisconsin
5407,Judy,Ward,jward5d@purevolume.com,Female,Texas
5408,Raymond,Boyd,rboyd5e@diigo.com,Male,Maryland
5409,Julie,Cox,jcox5f@businessinsider.com,Female,Indiana
5410,Clarence,Ellis,cellis5g@ehow.com,Male,Georgia
5411,Bonnie,Morales,bmorales5h@ca.gov,Female,Texas
5412,Robin,Harris,rharris5i@ustream.tv,Female,Florida
5413,Bruce,Mitchell,bmitchell5j@bbc.co.uk,Male,Florida
5414,Julie,Thompson,jthompson5k@nationalgeographic.com,Female,Oregon
5415,Gerald,Diaz,gdiaz5l@altervista.org,Male,Texas
5416,Keith,Dixon,kdixon5m@dot.gov,Male,Oregon
5417,Christina,Nichols,cnichols5n@barnesandnoble.com,Female,Florida
5418,Joseph,Myers,jmyers5o@nbcnews.com,Male,North Carolina
5419,Jeremy,Dean,jdean5p@patch.com,Male,
5420,Randy,Cook,rcook5q@slashdot.org,Male,Colorado
5421,Gary,Richardson,grichardson5r@xrea.com,Male,California
5422,Walter,Hunt,whunt5s@wufoo.com,Male,Florida
5423,Phillip,Arnold,parnold5t@marketwatch.com,Male,Florida
5424,Doris,Miller,dmiller5u@icq.com,Female,Louisiana
5425,Harold,Hughes,hhughes5v@domainmarket.com,Male,
5426,Carol,Adams,cadams5w@soup.io,Female,
5427,Mildred,Perez,mperez5x@jalbum.net,Female,New York
5428,Phyllis,Perry,pperry5y@icq.com,Female,Louisiana
5429,Brandon,Butler,bbutler5z@dailymotion.com,Male,District of Columbia
5430,Kathleen,Clark,kclark60@vinaora.com,Female,Texas
5431,Charles,White,cwhite61@xinhuanet.com,Male,Texas
5432,Lawrence,Brooks,lbrooks62@engadget.com,Male,Florida
5433,Antonio,Young,ayoung63@foxnews.com,Male,Texas
5434,Arthur,Williams,awilliams64@redcross.org,Male,California
5435,Jimmy,Kim,jkim65@imageshack.us,Male,California
5436,Billy,Hunt,bhunt66@utexas.edu,Male,
5437,Linda,Smith,lsmith67@usatoday.com,Female,Louisiana
5438,Ronald,Bowman,rbowman68@dagondesign.com,Male,Texas
5439,Denise,Russell,drussell69@va.gov,Female,Tennessee
5440,Lawrence,Griffin,lgriffin6a@skype.com,Male,Florida
5441,Wayne,Graham,wgraham6b@icq.com,Male,Maryland
5442,Christopher,Foster,cfoster6c@rediff.com,Male,California
5443,Margaret,Tucker,mtucker6d@tripadvisor.com,Female,
5444,Arthur,Taylor,ataylor6e@icio.us,Male,Alabama
5445,Ashley,Lawson,alawson6f@mac.com,Female,California
5446,Raymond,Murphy,rmurphy6g@sogou.com,Male,New York
5447,David,Turner,dturner6h@zdnet.com,Male,South Carolina
5448,Timothy,Jenkins,tjenkins6i@mail.ru,Male,Florida
5449,Adam,Austin,aaustin6j@chronoengine.com,Male,
5450,Martin,Hudson,mhudson6k@artisteer.com,Male,California
5451,Debra,Lawson,dlawson6l@github.com,Female,Ohio
5452,Sarah,Roberts,sroberts6m@sun.com,Female,Virginia
5453,Lois,Holmes,lholmes6n@nydailynews.com,Female,Louisiana
5454,William,Fields,wfields6o@google.fr,Male,California
5455,Alan,Snyder,asnyder6p@theatlantic.com,Male,
5456,Roy,Myers,rmyers6q@stanford.edu,Male,Kentucky
5457,Amy,Brown,abrown6r@unicef.org,Female,New Jersey
5458,Jean,Crawford,jcrawford6s@tinyurl.com,Female,
5459,Ashley,Flores,aflores6t@flickr.com,Female,Georgia
5460,Roger,Grant,rgrant6u@usnews.com,Male,Michigan
5461,Marie,Bowman,mbowman6v@1688.com,Female,Tennessee
5462,Laura,Kelley,lkelley6w@time.com,Female,California
5463,Julia,Powell,jpowell6x@cdbaby.com,Female,Kentucky
5464,Andrea,Reid,areid6y@dagondesign.com,Female,New Hampshire
5465,Benjamin,Simmons,bsimmons6z@usa.gov,Male,Texas
5466,Louise,Payne,lpayne70@ezinearticles.com,Female,Texas
5467,Harold,Cox,hcox71@hubpages.com,Male,Maryland
5468,Lori,Fowler,lfowler72@guardian.co.uk,Female,California
5469,Patricia,Johnson,pjohnson73@miitbeian.gov.cn,Female,Michigan
5470,Heather,Bishop,hbishop74@comsenz.com,Female,Arizona
5471,Janice,Wright,jwright75@cbslocal.com,Female,South Carolina
5472,Walter,Gutierrez,wgutierrez76@cbsnews.com,Male,
5473,Douglas,Harris,dharris77@home.pl,Male,District of Columbia
5474,Linda,Ryan,lryan78@hp.com,Female,District of Columbia
5475,Benjamin,Burke,bburke79@networksolutions.com,Male,California
5476,Sara,Vasquez,svasquez7a@seesaa.net,Female,Florida
5477,Sara,Murray,smurray7b@amazonaws.com,Female,Florida
5478,Henry,Roberts,hroberts7c@myspace.com,Male,New York
5479,Dorothy,Murray,dmurray7d@amazon.com,Female,California
5480,Randy,Coleman,rcoleman7e@japanpost.jp,Male,Florida
5481,Phyllis,Weaver,pweaver7f@weather.com,Female,
5482,Pamela,Knight,pknight7g@biglobe.ne.jp,Female,
5483,Louise,Cunningham,lcunningham7h@tripadvisor.com,Female,Missouri
5484,Alice,Garza,agarza7i@google.de,Female,Texas
5485,Jeremy,Greene,jgreene7j@youku.com,Male,Colorado
5486,Todd,Sullivan,tsullivan7k@bigcartel.com,Male,Ohio
5487,Donna,Rodriguez,drodriguez7l@illinois.edu,Female,California
5488,Maria,Holmes,mholmes7m@de.vu,Female,
5489,Anna,Morgan,amorgan7n@reverbnation.com,Female,Texas
5490,Sarah,Hamilton,shamilton7o@ftc.gov,Female,Iowa
5491,Laura,Perez,lperez7p@51.la,Female,Louisiana
5492,Doris,Freeman,dfreeman7q@wired.com,Female,Texas
5493,Louise,Griffin,lgriffin7r@miibeian.gov.cn,Female,Alaska
5494,Terry,Stanley,tstanley7s@arizona.edu,Male,Iowa
5495,Patricia,Burke,pburke7t@youtube.com,Female,Illinois
5496,Adam,Carpenter,acarpenter7u@xinhuanet.com,Male,Florida
5497,Arthur,Perez,aperez7v@instagram.com,Male,Texas
5498,Irene,Reynolds,ireynolds7w@pcworld.com,Female,Florida
5499,Lois,Hart,lhart7x@usatoday.com,Female,
5500,Ann,Adams,aadams7y@cisco.com,Female,Louisiana
5501,Timothy,Carter,tcarter7z@deviantart.com,Male,Florida
5502,Margaret,Simpson,msimpson80@abc.net.au,Female,Virginia
5503,Christina,Bowman,cbowman81@instagram.com,Female,
5504,Antonio,Shaw,ashaw82@mit.edu,Male,Massachusetts
5505,Jack,Stone,jstone83@businessinsider.com,Male,
5506,Ann,Lee,alee84@acquirethisname.com,Female,Florida
5507,Nicole,Kim,nkim85@forbes.com,Female,Hawaii
5508,Pamela,Owens,powens86@tumblr.com,Female,Florida
5509,Stephen,Day,sday87@amazonaws.com,Male,Texas
5510,Albert,Dunn,adunn88@cyberchimps.com,Male,
5511,Carol,Tucker,ctucker89@google.com,Female,Texas
5512,Frank,Larson,flarson8a@sakura.ne.jp,Male,Florida
5513,Elizabeth,Shaw,eshaw8b@sphinn.com,Female,California
5514,Diane,Phillips,dphillips8c@t.co,Female,Texas
5515,Irene,Carroll,icarroll8d@wunderground.com,Female,Vermont
5516,Frank,Cunningham,fcunningham8e@telegraph.co.uk,Male,Louisiana
5517,Frank,Parker,fparker8f@wiley.com,Male,District of Columbia
5518,Alan,Harvey,aharvey8g@360.cn,Male,Arizona
5519,Lisa,Kim,lkim8h@nih.gov,Female,Massachusetts
5520,Catherine,Cox,ccox8i@amazon.co.uk,Female,
5521,Judy,Hunter,jhunter8j@merriam-webster.com,Female,Indiana
5522,Julia,Harper,jharper8k@gnu.org,Female,South Carolina
5523,Bonnie,Jackson,bjackson8l@usgs.gov,Female,
5524,Alice,Taylor,ataylor8m@privacy.gov.au,Female,Nevada
5525,Gerald,Washington,gwashington8n@japanpost.jp,Male,Georgia
5526,Jane,Powell,jpowell8o@goo.gl,Female,
5527,Brenda,Hughes,bhughes8p@a8.net,Female,Arizona
5528,Nancy,Reyes,nreyes8q@so-net.ne.jp,Female,Virginia
5529,Juan,Lee,jlee8r@theglobeandmail.com,Male,South Dakota
5530,Amanda,Stanley,astanley8s@livejournal.com,Female,Georgia
5531,Beverly,Rice,brice8t@com.com,Female,Kansas
5532,Paula,West,pwest8u@smugmug.com,Female,
5533,Donna,Wagner,dwagner8v@symantec.com,Female,Colorado
5534,Louise,Thompson,lthompson8w@google.com,Female,Texas
5535,Ralph,Hunt,rhunt8x@parallels.com,Male,
5536,Stephen,Spencer,sspencer8y@amazon.com,Male,California
5537,Sean,Nelson,snelson8z@is.gd,Male,Pennsylvania
5538,Rose,Hanson,rhanson90@surveymonkey.com,Female,Texas
5539,Alan,Morgan,amorgan91@lulu.com,Male,Ohio
5540,Janice,Fernandez,jfernandez92@google.ca,Female,Connecticut
5541,Ashley,Powell,apowell93@phpbb.com,Female,Louisiana
5542,Melissa,Carroll,mcarroll94@ucoz.ru,Female,Utah
5543,Christopher,Marshall,cmarshall95@shop-pro.jp,Male,Iowa
5544,Alice,Reed,areed96@is.gd,Female,North Carolina
5545,Joseph,Roberts,jroberts97@dropbox.com,Male,
5546,Jeffrey,Freeman,jfreeman98@vk.com,Male,Washington
5547,Lillian,Stone,lstone99@privacy.gov.au,Female,
5548,Billy,Holmes,bholmes9a@taobao.com,Male,Missouri
5549,Ashley,Porter,aporter9b@earthlink.net,Female,North Carolina
5550,Patricia,Snyder,psnyder9c@tmall.com,Female,California
5551,Linda,Little,llittle9d@lycos.com,Female,Texas
5552,Steve,Hudson,shudson9e@discovery.com,Male,
5553,Marilyn,Wheeler,mwheeler9f@is.gd,Female,District of Columbia
5554,Michael,Grant,mgrant9g@spiegel.de,Male,Florida
5555,Joan,Garrett,jgarrett9h@state.gov,Female,Florida
5556,Wayne,Warren,wwarren9i@ucla.edu,Male,Pennsylvania
5557,Tammy,Fernandez,tfernandez9j@shutterfly.com,Female,Georgia
5558,Christopher,Washington,cwashington9k@sun.com,Male,Michigan
5559,Joseph,Lane,jlane9l@theatlantic.com,Male,Massachusetts
5560,Paul,Watson,pwatson9m@theguardian.com,Male,Washington
5561,Larry,Bell,lbell9n@yolasite.com,Male,Alaska
5562,Annie,Lewis,alewis9o@i2i.jp,Female,Massachusetts
5563,Johnny,Gonzalez,jgonzalez9p@blogspot.com,Male,Texas
5564,Joe,Marshall,jmarshall9q@marriott.com,Male,South Carolina
5565,Jeremy,Fuller,jfuller9r@statcounter.com,Male,
5566,Randy,Rogers,rrogers9s@prnewswire.com,Male,
5567,Sarah,Flores,sflores9t@telegraph.co.uk,Female,Pennsylvania
5568,Lawrence,Nichols,lnichols9u@bbb.org,Male,California
5569,Jesse,Carr,jcarr9v@unesco.org,Male,Tennessee
5570,Emily,Rodriguez,erodriguez9w@webs.com,Female,Arkansas
5571,Jane,Weaver,jweaver9x@slashdot.org,Female,California
5572,Louis,Knight,lknight9y@bing.com,Male,District of Columbia
5573,Martin,Tucker,mtucker9z@eventbrite.com,Male,Idaho
5574,Antonio,Shaw,ashawa0@psu.edu,Male,New York
5575,Paul,Butler,pbutlera1@arizona.edu,Male,Ohio
5576,Edward,Burke,eburkea2@sun.com,Male,Delaware
5577,Jean,Gomez,jgomeza3@dot.gov,Female,
5578,Rebecca,Richards,rrichardsa4@barnesandnoble.com,Female,New York
5579,Jean,Nguyen,jnguyena5@wikispaces.com,Female,
5580,Doris,Gray,dgraya6@ibm.com,Female,Wisconsin
5581,Phyllis,Matthews,pmatthewsa7@addthis.com,Female,California
5582,Gary,Young,gyounga8@trellian.com,Male,Virginia
5583,Bonnie,Peters,bpetersa9@google.ca,Female,Missouri
5584,Linda,Perez,lperezaa@ning.com,Female,Maryland
5585,Harry,Roberts,hrobertsab@google.es,Male,Ohio
5586,Amy,Bishop,abishopac@ameblo.jp,Female,Georgia
5587,Sandra,Cox,scoxad@sourceforge.net,Female,Tennessee
5588,Cynthia,Mendoza,cmendozaae@sitemeter.com,Female,Texas
5589,Dennis,Sanchez,dsanchezaf@discuz.net,Male,Florida
5590,Alan,Collins,acollinsag@mapquest.com,Male,
5591,Wanda,Cole,wcoleah@miitbeian.gov.cn,Female,Oklahoma
5592,Norma,Black,nblackai@hugedomains.com,Female,Connecticut
5593,Rose,Freeman,rfreemanaj@com.com,Female,Virginia
5594,Larry,Anderson,landersonak@imdb.com,Male,Arizona
5595,Antonio,Cruz,acruzal@dailymotion.com,Male,Georgia
5596,Charles,Burke,cburkeam@networksolutions.com,Male,
5597,Randy,Stone,rstonean@reuters.com,Male,Texas
5598,Terry,Morgan,tmorganao@unicef.org,Male,
5599,Ernest,Smith,esmithap@t-online.de,Male,Texas
5600,Alan,Fields,afieldsaq@github.io,Male,Texas
5601,Todd,Smith,tsmithar@ucoz.ru,Male,Georgia
5602,Rachel,Little,rlittleas@census.gov,Female,Rhode Island
5603,Jeffrey,Cook,jcookat@scientificamerican.com,Male,California
5604,Michelle,Ferguson,mfergusonau@ehow.com,Female,Texas
5605,Julia,Davis,jdavisav@ucsd.edu,Female,Colorado
5606,Lisa,Reid,lreidaw@yolasite.com,Female,Missouri
5607,Catherine,Shaw,cshawax@fema.gov,Female,Connecticut
5608,Tina,Baker,tbakeray@state.gov,Female,
5609,Henry,Murphy,hmurphyaz@yale.edu,Male,
5610,Brandon,Patterson,bpattersonb0@si.edu,Male,Georgia
5611,Norma,White,nwhiteb1@over-blog.com,Female,Tennessee
5612,Donna,Walker,dwalkerb2@webnode.com,Female,Texas
5613,Aaron,Thomas,athomasb3@wufoo.com,Male,Texas
5614,Kelly,Dunn,kdunnb4@chronoengine.com,Female,California
5615,Paula,Bradley,pbradleyb5@sitemeter.com,Female,Kansas
5616,Chris,Bowman,cbowmanb6@dmoz.org,Male,South Carolina
5617,Larry,Williamson,lwilliamsonb7@jiathis.com,Male,Maryland
5618,Diane,Torres,dtorresb8@google.com.br,Female,North Carolina
5619,Phyllis,Alexander,palexanderb9@desdev.cn,Female,Georgia
5620,Stephen,Gonzalez,sgonzalezba@chron.com,Male,Washington
5621,Steve,Ellis,sellisbb@123-reg.co.uk,Male,Oklahoma
5622,Craig,Dixon,cdixonbc@geocities.jp,Male,California
5623,Thomas,Flores,tfloresbd@tamu.edu,Male,Idaho
5624,Annie,Romero,aromerobe@noaa.gov,Female,Texas
5625,William,Fox,wfoxbf@cbc.ca,Male,
5626,Joyce,Gutierrez,jgutierrezbg@shinystat.com,Female,
5627,Patricia,Mills,pmillsbh@phpbb.com,Female,Missouri
5628,Juan,Austin,jaustinbi@nih.gov,Male,District of Columbia
5629,Louise,Alvarez,lalvarezbj@macromedia.com,Female,North Dakota
5630,Richard,Adams,radamsbk@geocities.jp,Male,Ohio
5631,Samuel,Martin,smartinbl@domainmarket.com,Male,Massachusetts
5632,Kathy,Fuller,kfullerbm@linkedin.com,Female,
5633,Joan,Fowler,jfowlerbn@hc360.com,Female,Kentucky
5634,Harry,Freeman,hfreemanbo@miitbeian.gov.cn,Male,Georgia
5635,Kathy,Crawford,kcrawfordbp@google.com.au,Female,Massachusetts
5636,Ralph,Weaver,rweaverbq@zimbio.com,Male,Montana
5637,Gregory,Bowman,gbowmanbr@fda.gov,Male,Louisiana
5638,Stephanie,Mcdonald,smcdonaldbs@cam.ac.uk,Female,Arkansas
5639,Judith,Stevens,jstevensbt@chron.com,Female,Connecticut
5640,Kevin,Allen,kallenbu@hp.com,Male,Wisconsin
5641,Julie,Ellis,jellisbv@cnn.com,Female,Texas
5642,Antonio,Long,alongbw@g.co,Male,Massachusetts
5643,Irene,Johnson,ijohnsonbx@google.com,Female,
5644,John,Dixon,jdixonby@dagondesign.com,Male,Texas
5645,Dennis,Jones,djonesbz@squidoo.com,Male,Montana
5646,Jason,Nichols,jnicholsc0@cnn.com,Male,Maryland
5647,Carolyn,Stone,cstonec1@hao123.com,Female,Pennsylvania
5648,William,Ryan,wryanc2@csmonitor.com,Male,Florida
5649,Judith,Perry,jperryc3@netlog.com,Female,Washington
5650,Joan,Peterson,jpetersonc4@bluehost.com,Female,Florida
5651,Richard,Smith,rsmithc5@geocities.jp,Male,Minnesota
5652,John,King,jkingc6@comcast.net,Male,Alabama
5653,Steven,Jordan,sjordanc7@java.com,Male,California
5654,Irene,Hanson,ihansonc8@google.com.au,Female,California
5655,Martha,Murphy,mmurphyc9@fotki.com,Female,
5656,Emily,Collins,ecollinsca@wordpress.org,Female,Florida
5657,Karen,Morales,kmoralescb@aboutads.info,Female,
5658,Adam,Garrett,agarrettcc@whitehouse.gov,Male,Texas
5659,Teresa,Crawford,tcrawfordcd@over-blog.com,Female,
5660,Earl,Walker,ewalkerce@apple.com,Male,
5661,Steven,Harper,sharpercf@buzzfeed.com,Male,Virginia
5662,Evelyn,Gordon,egordoncg@squidoo.com,Female,Oklahoma
5663,Phillip,Howell,phowellch@mac.com,Male,Texas
